time,Velocity_X
1587759803,2151.8701903748306
1587759866,2556.6963102396685
1587759918,2925.3107659273874
1587759981,3307.872421455413
1587760043,3670.610011837856
1587760101,4018.4225742119484
1587760163,4355.2769658588
1587760225,4668.769433908381
1587760283,4968.039245553765
1587760340,5228.868709304685
