time,Omega_Min
1587759798,0.04855502150123002
1587759861,0.042160975131706524
1587759923,0.0390665823593103
1587759981,0.03782781786903637
1587760038,0.04007093961759169
1587760101,0.04238716880266692
1587760158,0.0
1587760220,0.0411749616283709
1587760278,0.04835738506217931
1587760340,0.03692120112022852
