time,Omega_Avg
1587759798,0.04951199152150862
1587759861,0.04561298697620878
1587759923,0.040431507750297184
1587759981,0.03975660078633502
1587760038,0.04132679372440044
1587760101,0.0435328824108629
1587760158,0.044418839353856245
1587760220,0.04669741158678631
1587760278,0.04987237351297594
1587760340,0.04353470491389828
